River Section,Compartment,MP form,Size Bin,k_discorporation,k_fragmentation,k_heteroaggregation,k_heteroaggregate_breackup,k_biofouling,k_defouling,k_advective_transport,k_settling,k_rising,k_mixing,k_sea_spray_aerosol
Utopia,Ocean_Surface_Water,freeMP,mp1,1.6045073624072808e-09,1.5854895991882294e-07,0.000556,0.0,1.1574074074074074e-06,0.0,5.8157894736842105e-09,0.0,0.0,0.0,0.0
Utopia,Ocean_Surface_Water,heterMP,mp1,1.6045073624072808e-10,1.5854895992542924e-07,0.0,0.000556,1.1574074074074074e-06,0.0,5.8157894736842105e-09,0.0,0.0,0.0,0.0
Utopia,Ocean_Mixed_Water,freeMP,mp1,1.6045073624072808e-09,0.0,0.000556,0.0,3.858024691358025e-07,0.0,2.21e-09,0.0,0.00010047111839410075,0.0,0.0
Utopia,Ocean_Mixed_Water,heterMP,mp1,1.6045073624072808e-10,0.0,0.0,0.000556,3.858024691358025e-07,0.0,2.21e-09,0.0,0.00010047111769080297,0.0,0.0
Utopia,Ocean_Column_Water,freeMP,mp1,1.6045073624072808e-09,0.0,0.000556,0.0,3.858024691358025e-08,0.0,2.21e-11,0.0,1.0047111839410075e-05,0.0,0.0
Utopia,Ocean_Column_Water,heterMP,mp1,1.6045073624072808e-10,0.0,0.0,0.000556,3.858024691358025e-08,0.0,2.21e-11,0.0,1.0047111769080298e-05,0.0,0.0
